INSERT INTO STUDENT (STUDENT_ID, STUDENT_NAME) VALUES(1,'Mark');
INSERT INTO STUDENT (STUDENT_ID, STUDENT_NAME) VALUES(2,'Sarah');
INSERT INTO STUDENT (STUDENT_ID, STUDENT_NAME) VALUES(3,'Paul');
INSERT INTO STUDENT (STUDENT_ID, STUDENT_NAME) VALUES(4,'Jack');
INSERT INTO STUDENT (STUDENT_ID, STUDENT_NAME) VALUES(5,'Mary');
INSERT INTO STUDENT (STUDENT_ID, STUDENT_NAME) VALUES(6,'Susan');

INSERT INTO ZIP (STREET, STATE, ZIPCODE) VALUES('Grafton Street','New York','NY234');
INSERT INTO ZIP (STREET, STATE, ZIPCODE) VALUES('White Street','Florida','Flo435');
INSERT INTO ZIP (STREET, STATE, ZIPCODE) VALUES('Green Road','California','Cal123');
INSERT INTO ZIP (STREET, STATE, ZIPCODE) VALUES('Red Crescent','Carolina','Ca455');
INSERT INTO ZIP (STREET, STATE, ZIPCODE) VALUES('Yellow Park','Mexico','Mex1');
INSERT INTO ZIP (STREET, STATE, ZIPCODE) VALUES('Dartry Road','Ohio','Oh34');
INSERT INTO ZIP (STREET, STATE, ZIPCODE) VALUES('Malahide Road','Ireland','IRE');
INSERT INTO ZIP (STREET, STATE, ZIPCODE) VALUES('Black Bay','Kansas','Kan45');
INSERT INTO ZIP (STREET, STATE, ZIPCODE) VALUES('River Road','Kansas','Kan45');

INSERT INTO STUDENT_ADDR (ZIPCODE, STREEET, STUDENT_ID) VALUES('NY234','Grafton Street', 1);
INSERT INTO STUDENT_ADDR (ZIPCODE, STREEET, STUDENT_ID) VALUES('Flo435','White Street', 1);
INSERT INTO STUDENT_ADDR (ZIPCODE, STREEET, STUDENT_ID) VALUES('Cal123','Green Road', 2);
INSERT INTO STUDENT_ADDR (ZIPCODE, STREEET, STUDENT_ID) VALUES('Ca455', 'Red Crescent', 3);
INSERT INTO STUDENT_ADDR (ZIPCODE, STREEET, STUDENT_ID) VALUES('Mex1', 'Yellow Park', 3);
INSERT INTO STUDENT_ADDR (ZIPCODE, STREEET, STUDENT_ID) VALUES('Oh34', 'Dartry Road', 4);
INSERT INTO STUDENT_ADDR (ZIPCODE, STREEET, STUDENT_ID) VALUES('IRE','Malahide Road', 5);
INSERT INTO STUDENT_ADDR (ZIPCODE, STREEET, STUDENT_ID) VALUES('Kan45','Black Bay', 5);
INSERT INTO STUDENT_ADDR (ZIPCODE, STREEET, STUDENT_ID) VALUES('Kan45','River Road', 6);

INSERT INTO PRIOR_SCHOOL (PRIOR_SCHOOL_ID, PRIOR_SCHOOL_ADDR) VALUES(1,'Castleknock');
INSERT INTO PRIOR_SCHOOL (PRIOR_SCHOOL_ID, PRIOR_SCHOOL_ADDR) VALUES(2,'Loreto College');
INSERT INTO PRIOR_SCHOOL (PRIOR_SCHOOL_ID, PRIOR_SCHOOL_ADDR) VALUES(3,'St. Patrick');
INSERT INTO PRIOR_SCHOOL (PRIOR_SCHOOL_ID, PRIOR_SCHOOL_ADDR) VALUES(4,'DBS');
INSERT INTO PRIOR_SCHOOL (PRIOR_SCHOOL_ID, PRIOR_SCHOOL_ADDR) VALUES(5,'Harvard');

INSERT INTO APP_REFERENCE (REFERENCE_ID, REF_NAME, REF_INSTITUTE, REF_STATEMENT) VALUES (1,'Dr. Jones','Trinity College','Good guy');
INSERT INTO APP_REFERENCE (REFERENCE_ID, REF_NAME, REF_INSTITUTE, REF_STATEMENT) VALUES (2,'Dr. Jones','U Limerick','Very Good guy');
INSERT INTO APP_REFERENCE (REFERENCE_ID, REF_NAME, REF_INSTITUTE, REF_STATEMENT) VALUES (3,'Dr. Byrne','DIT','Perfect');
INSERT INTO APP_REFERENCE (REFERENCE_ID, REF_NAME, REF_INSTITUTE, REF_STATEMENT) VALUES (4,'Dr. Byrne','UCD','Average');
INSERT INTO APP_REFERENCE (REFERENCE_ID, REF_NAME, REF_INSTITUTE, REF_STATEMENT) VALUES (5,'Dr. Jones','Trinity College','Poor');
INSERT INTO APP_REFERENCE (REFERENCE_ID, REF_NAME, REF_INSTITUTE, REF_STATEMENT) VALUES (6,'Prof. Cahill','UCC','Excellent');
INSERT INTO APP_REFERENCE (REFERENCE_ID, REF_NAME, REF_INSTITUTE, REF_STATEMENT) VALUES (7,'Prof. Lillis','DIT','Fair');
INSERT INTO APP_REFERENCE (REFERENCE_ID, REF_NAME, REF_INSTITUTE, REF_STATEMENT) VALUES (8,'Prof. Lillis','DIT','Good girl');
INSERT INTO APP_REFERENCE (REFERENCE_ID, REF_NAME, REF_INSTITUTE, REF_STATEMENT) VALUES (9,'Dr. Byrne','DIT','Perfect');
INSERT INTO APP_REFERENCE (REFERENCE_ID, REF_NAME, REF_INSTITUTE, REF_STATEMENT) VALUES (10,'Prof. Cahill','UCC','Messy');

INSERT INTO APPLICATION (APP_NO, STUDENT_ID, APP_YEAR, REFERENCE_ID) VALUES (1,1, 2003,1);
INSERT INTO APPLICATION (APP_NO, STUDENT_ID, APP_YEAR, REFERENCE_ID) VALUES (1,1,2004,1);
INSERT INTO APPLICATION (APP_NO, STUDENT_ID, APP_YEAR, REFERENCE_ID) VALUES (2,1,2007,1);
INSERT INTO APPLICATION (APP_NO, STUDENT_ID, APP_YEAR, REFERENCE_ID) VALUES (3,1,2012,2);
INSERT INTO APPLICATION (APP_NO, STUDENT_ID, APP_YEAR, REFERENCE_ID) VALUES (2,2,2010,3);
INSERT INTO APPLICATION (APP_NO, STUDENT_ID, APP_YEAR, REFERENCE_ID) VALUES (2,2,2011,3);
INSERT INTO APPLICATION (APP_NO, STUDENT_ID, APP_YEAR, REFERENCE_ID) VALUES (2,2,2012,4);
INSERT INTO APPLICATION (APP_NO, STUDENT_ID, APP_YEAR, REFERENCE_ID) VALUES (1,3,2012,5);
INSERT INTO APPLICATION (APP_NO, STUDENT_ID, APP_YEAR, REFERENCE_ID) VALUES (3,3,2008,6);
INSERT INTO APPLICATION (APP_NO, STUDENT_ID, APP_YEAR, REFERENCE_ID) VALUES (1,4,2009,7);
INSERT INTO APPLICATION (APP_NO, STUDENT_ID, APP_YEAR, REFERENCE_ID) VALUES (2,5,2009,8);
INSERT INTO APPLICATION (APP_NO, STUDENT_ID, APP_YEAR, REFERENCE_ID) VALUES (1,5,2005,9);
INSERT INTO APPLICATION (APP_NO, STUDENT_ID, APP_YEAR, REFERENCE_ID) VALUES (3,6,2011,10);

INSERT INTO STUDENT_GPA (STUDENT_ID, PRIOR_SCHOOL_ID, GPA ) VALUES (1,1,65);
INSERT INTO STUDENT_GPA (STUDENT_ID, PRIOR_SCHOOL_ID, GPA ) VALUES (1,2,87);
INSERT INTO STUDENT_GPA (STUDENT_ID, PRIOR_SCHOOL_ID, GPA ) VALUES (2,1,90);
INSERT INTO STUDENT_GPA (STUDENT_ID, PRIOR_SCHOOL_ID, GPA ) VALUES (2,3,76);
INSERT INTO STUDENT_GPA (STUDENT_ID, PRIOR_SCHOOL_ID, GPA ) VALUES (2,1,90);
INSERT INTO STUDENT_GPA (STUDENT_ID, PRIOR_SCHOOL_ID, GPA ) VALUES (2,4,66);
INSERT INTO STUDENT_GPA (STUDENT_ID, PRIOR_SCHOOL_ID, GPA ) VALUES (2,5,45);
INSERT INTO STUDENT_GPA (STUDENT_ID, PRIOR_SCHOOL_ID, GPA ) VALUES (3,1,45);
INSERT INTO STUDENT_GPA (STUDENT_ID, PRIOR_SCHOOL_ID, GPA ) VALUES (3,3,67);
INSERT INTO STUDENT_GPA (STUDENT_ID, PRIOR_SCHOOL_ID, GPA ) VALUES (3,4,23);
INSERT INTO STUDENT_GPA (STUDENT_ID, PRIOR_SCHOOL_ID, GPA ) VALUES (3,5,67);
INSERT INTO STUDENT_GPA (STUDENT_ID, PRIOR_SCHOOL_ID, GPA ) VALUES (4,3,29);
INSERT INTO STUDENT_GPA (STUDENT_ID, PRIOR_SCHOOL_ID, GPA ) VALUES (4,4,88);
INSERT INTO STUDENT_GPA (STUDENT_ID, PRIOR_SCHOOL_ID, GPA ) VALUES (4,5,66);
INSERT INTO STUDENT_GPA (STUDENT_ID, PRIOR_SCHOOL_ID, GPA ) VALUES (5,3,44);
INSERT INTO STUDENT_GPA (STUDENT_ID, PRIOR_SCHOOL_ID, GPA ) VALUES (5,4,55);
INSERT INTO STUDENT_GPA (STUDENT_ID, PRIOR_SCHOOL_ID, GPA ) VALUES (5,5,66);
INSERT INTO STUDENT_GPA (STUDENT_ID, PRIOR_SCHOOL_ID, GPA ) VALUES (5,1,74);
INSERT INTO STUDENT_GPA (STUDENT_ID, PRIOR_SCHOOL_ID, GPA ) VALUES (6,1,88);
INSERT INTO STUDENT_GPA (STUDENT_ID, PRIOR_SCHOOL_ID, GPA ) VALUES (6,3,77);
INSERT INTO STUDENT_GPA (STUDENT_ID, PRIOR_SCHOOL_ID, GPA ) VALUES (6,4,56);
INSERT INTO STUDENT_GPA (STUDENT_ID, PRIOR_SCHOOL_ID, GPA ) VALUES (6,2,45);


